{
	"partitions" : [
		{
			"name" : "Top",
			"pins" : [
				{
					"name" : "SCK_DAC",
					"strict" : false
				},
				{
					"name" : "CS_DAC",
					"strict" : false
				},
				{
					"name" : "SDI_DAC",
					"strict" : false
				},
				{
					"name" : "LDAC_DAC",
					"strict" : false
				},
				{
					"name" : "Din_ADC",
					"strict" : false
				},
				{
					"name" : "CS_ADC",
					"strict" : false
				},
				{
					"name" : "Sclk_ADC",
					"strict" : false
				},
				{
					"name" : "output_ADC[0]",
					"strict" : false
				},
				{
					"name" : "output_ADC[1]",
					"strict" : false
				},
				{
					"name" : "output_ADC[2]",
					"strict" : false
				},
				{
					"name" : "output_ADC[3]",
					"strict" : false
				},
				{
					"name" : "output_ADC[4]",
					"strict" : false
				},
				{
					"name" : "output_ADC[5]",
					"strict" : false
				},
				{
					"name" : "output_ADC[6]",
					"strict" : false
				},
				{
					"name" : "output_ADC[7]",
					"strict" : false
				},
				{
					"name" : "output_ADC[8]",
					"strict" : false
				},
				{
					"name" : "output_ADC[9]",
					"strict" : false
				},
				{
					"name" : "clk_50MHz",
					"strict" : false
				},
				{
					"name" : "reset_DAC",
					"strict" : false
				},
				{
					"name" : "reset_ADC",
					"strict" : false
				},
				{
					"name" : "ch_display_select",
					"strict" : false
				},
				{
					"name" : "Dout_ADC",
					"strict" : false
				}
			]
		}
	]
}