<?xml version="1.0" encoding="UTF-8"?>
<deploy
 date="2024.04.12.23:41:11"
 outputDirectory="D:/EDL_merged_code_full_working_FSM/EDL_merged_code/uart_jtag/">
 <perimeter>
  <parameter
     name="AUTO_GENERATION_ID"
     type="Integer"
     defaultValue="0"
     onHdl="0"
     affectsHdl="1" />
  <parameter
     name="AUTO_UNIQUE_ID"
     type="String"
     defaultValue=""
     onHdl="0"
     affectsHdl="1" />
  <parameter
     name="AUTO_DEVICE_FAMILY"
     type="String"
     defaultValue="Cyclone IV E"
     onHdl="0"
     affectsHdl="1" />
  <parameter
     name="AUTO_DEVICE"
     type="String"
     defaultValue="EP4CE22F17C8"
     onHdl="0"
     affectsHdl="1" />
  <parameter
     name="AUTO_DEVICE_SPEEDGRADE"
     type="String"
     defaultValue="8"
     onHdl="0"
     affectsHdl="1" />
  <parameter
     name="AUTO_CLK_CLOCK_RATE"
     type="Long"
     defaultValue="-1"
     onHdl="0"
     affectsHdl="1" />
  <parameter
     name="AUTO_CLK_CLOCK_DOMAIN"
     type="Integer"
     defaultValue="-1"
     onHdl="0"
     affectsHdl="1" />
  <parameter
     name="AUTO_CLK_RESET_DOMAIN"
     type="Integer"
     defaultValue="-1"
     onHdl="0"
     affectsHdl="1" />
  <interface name="avalon_jtag_slave" kind="avalon" start="0">
   <property name="addressAlignment" value="NATIVE" />
   <property name="addressGroup" value="0" />
   <property name="addressSpan" value="2" />
   <property name="addressUnits" value="WORDS" />
   <property name="alwaysBurstMaxBurst" value="false" />
   <property name="associatedClock" value="clk" />
   <property name="associatedReset" value="reset" />
   <property name="bitsPerSymbol" value="8" />
   <property name="bridgedAddressOffset" value="0" />
   <property name="bridgesToMaster" value="" />
   <property name="burstOnBurstBoundariesOnly" value="false" />
   <property name="burstcountUnits" value="WORDS" />
   <property name="constantBurstBehavior" value="false" />
   <property name="explicitAddressSpan" value="0" />
   <property name="holdTime" value="0" />
   <property name="interleaveBursts" value="false" />
   <property name="isBigEndian" value="false" />
   <property name="isFlash" value="false" />
   <property name="isMemoryDevice" value="false" />
   <property name="isNonVolatileStorage" value="false" />
   <property name="linewrapBursts" value="false" />
   <property name="maximumPendingReadTransactions" value="0" />
   <property name="maximumPendingWriteTransactions" value="0" />
   <property name="minimumUninterruptedRunLength" value="1" />
   <property name="printableDevice" value="true" />
   <property name="readLatency" value="0" />
   <property name="readWaitStates" value="1" />
   <property name="readWaitTime" value="1" />
   <property name="registerIncomingSignals" value="false" />
   <property name="registerOutgoingSignals" value="false" />
   <property name="setupTime" value="0" />
   <property name="timingUnits" value="Cycles" />
   <property name="transparentBridge" value="false" />
   <property name="wellBehavedWaitrequest" value="false" />
   <property name="writeLatency" value="0" />
   <property name="writeWaitStates" value="0" />
   <property name="writeWaitTime" value="0" />
   <port
       name="avalon_jtag_slave_chipselect"
       direction="input"
       role="chipselect"
       width="1" />
   <port
       name="avalon_jtag_slave_address"
       direction="input"
       role="address"
       width="1" />
   <port
       name="avalon_jtag_slave_read_n"
       direction="input"
       role="read_n"
       width="1" />
   <port
       name="avalon_jtag_slave_readdata"
       direction="output"
       role="readdata"
       width="32" />
   <port
       name="avalon_jtag_slave_write_n"
       direction="input"
       role="write_n"
       width="1" />
   <port
       name="avalon_jtag_slave_writedata"
       direction="input"
       role="writedata"
       width="32" />
   <port
       name="avalon_jtag_slave_waitrequest"
       direction="output"
       role="waitrequest"
       width="1" />
  </interface>
  <interface name="clk" kind="clock" start="0">
   <property name="clockRate" value="0" />
   <property name="externallyDriven" value="false" />
   <property name="ptfSchematicName" value="" />
   <port name="clk_clk" direction="input" role="clk" width="1" />
  </interface>
  <interface name="irq" kind="interrupt" start="0">
   <property name="associatedAddressablePoint" value="uart_jtag.avalon_jtag_slave" />
   <property name="associatedClock" value="clk" />
   <property name="associatedReset" value="reset" />
   <property name="bridgedReceiverOffset" value="0" />
   <property name="bridgesToReceiver" value="" />
   <property name="irqScheme" value="NONE" />
   <port name="irq_irq" direction="output" role="irq" width="1" />
  </interface>
  <interface name="reset" kind="reset" start="0">
   <property name="associatedClock" value="clk" />
   <property name="synchronousEdges" value="DEASSERT" />
   <port name="reset_reset_n" direction="input" role="reset_n" width="1" />
  </interface>
 </perimeter>
 <entity
   path=""
   parameterizationKey="uart_jtag:1.0:AUTO_CLK_CLOCK_DOMAIN=-1,AUTO_CLK_CLOCK_RATE=-1,AUTO_CLK_RESET_DOMAIN=-1,AUTO_DEVICE=EP4CE22F17C8,AUTO_DEVICE_FAMILY=Cyclone IV E,AUTO_DEVICE_SPEEDGRADE=8,AUTO_GENERATION_ID=1712945470,AUTO_UNIQUE_ID=(altera_avalon_jtag_uart:20.1:allowMultipleConnections=false,avalonSpec=2.0,clkFreq=0,enableInteractiveInput=false,enableInteractiveOutput=false,hubInstanceID=0,legacySignalAllow=false,readBufferDepth=64,readIRQThreshold=8,simInputCharacterStream=,simInteractiveOptions=NO_INTERACTIVE_WINDOWS,useRegistersForReadBuffer=false,useRegistersForWriteBuffer=false,useRelativePathForSimFile=false,writeBufferDepth=64,writeIRQThreshold=8)"
   instancePathKey="uart_jtag"
   kind="uart_jtag"
   version="1.0"
   name="uart_jtag">
  <parameter name="AUTO_CLK_CLOCK_RATE" value="-1" />
  <parameter name="AUTO_GENERATION_ID" value="1712945470" />
  <parameter name="AUTO_DEVICE" value="EP4CE22F17C8" />
  <parameter name="AUTO_DEVICE_FAMILY" value="Cyclone IV E" />
  <parameter name="AUTO_CLK_RESET_DOMAIN" value="-1" />
  <parameter name="AUTO_CLK_CLOCK_DOMAIN" value="-1" />
  <parameter name="AUTO_UNIQUE_ID" value="" />
  <parameter name="AUTO_DEVICE_SPEEDGRADE" value="8" />
  <generatedFiles>
   <file
       path="D:/EDL_merged_code_full_working_FSM/EDL_merged_code/uart_jtag/synthesis/uart_jtag.v"
       type="VERILOG" />
  </generatedFiles>
  <childGeneratedFiles>
   <file
       path="D:/EDL_merged_code_full_working_FSM/EDL_merged_code/uart_jtag/synthesis/submodules/uart_jtag_ju.v"
       type="VERILOG"
       attributes="" />
  </childGeneratedFiles>
  <sourceFiles>
   <file
       path="D:/EDL_merged_code_full_working_FSM/EDL_merged_code/uart_jtag.qsys" />
  </sourceFiles>
  <childSourceFiles>
   <file
       path="C:/intelfpga_lite/20.1/ip/altera/sopc_builder_ip/altera_avalon_jtag_uart/altera_avalon_jtag_uart_hw.tcl" />
  </childSourceFiles>
  <messages>
   <message level="Debug" culprit="uart_jtag">queue size: 0 starting:uart_jtag "uart_jtag"</message>
   <message level="Progress" culprit="min"></message>
   <message level="Progress" culprit="max"></message>
   <message level="Progress" culprit="current"></message>
   <message level="Debug">Transform: CustomInstructionTransform</message>
   <message level="Debug">No custom instruction connections, skipping transform </message>
   <message level="Debug" culprit="merlin_custom_instruction_transform"><![CDATA[After transform: <b>1</b> modules, <b>0</b> connections]]></message>
   <message level="Debug">Transform: MMTransform</message>
   <message level="Debug">Transform: InterruptMapperTransform</message>
   <message level="Debug">Transform: InterruptSyncTransform</message>
   <message level="Debug">Transform: InterruptFanoutTransform</message>
   <message level="Debug">Transform: AvalonStreamingTransform</message>
   <message level="Debug">Transform: ResetAdaptation</message>
   <message level="Debug" culprit="uart_jtag"><![CDATA["<b>uart_jtag</b>" reuses <b>altera_avalon_jtag_uart</b> "<b>submodules/uart_jtag_ju</b>"]]></message>
   <message level="Debug" culprit="uart_jtag">queue size: 0 starting:altera_avalon_jtag_uart "submodules/uart_jtag_ju"</message>
   <message level="Info" culprit="ju">Starting RTL generation for module 'uart_jtag_ju'</message>
   <message level="Info" culprit="ju">  Generation command is [exec C:/intelfpga_lite/20.1/quartus/bin64/perl/bin/perl.exe -I C:/intelfpga_lite/20.1/quartus/bin64/perl/lib -I C:/intelfpga_lite/20.1/quartus/sopc_builder/bin/europa -I C:/intelfpga_lite/20.1/quartus/sopc_builder/bin -I C:/intelfpga_lite/20.1/quartus/../ip/altera/sopc_builder_ip/common -I C:/intelfpga_lite/20.1/quartus/../ip/altera/sopc_builder_ip/altera_avalon_jtag_uart -- C:/intelfpga_lite/20.1/quartus/../ip/altera/sopc_builder_ip/altera_avalon_jtag_uart/generate_rtl.pl --name=uart_jtag_ju --dir=C:/Users/VARADD~1/AppData/Local/Temp/alt9825_4488414332936844526.dir/0002_ju_gen/ --quartus_dir=C:/intelfpga_lite/20.1/quartus --verilog --config=C:/Users/VARADD~1/AppData/Local/Temp/alt9825_4488414332936844526.dir/0002_ju_gen//uart_jtag_ju_component_configuration.pl  --do_build_sim=0  ]</message>
   <message level="Info" culprit="ju">Done RTL generation for module 'uart_jtag_ju'</message>
   <message level="Info" culprit="ju"><![CDATA["<b>uart_jtag</b>" instantiated <b>altera_avalon_jtag_uart</b> "<b>ju</b>"]]></message>
  </messages>
 </entity>
 <entity
   path="submodules/"
   parameterizationKey="altera_avalon_jtag_uart:20.1:allowMultipleConnections=false,avalonSpec=2.0,clkFreq=0,enableInteractiveInput=false,enableInteractiveOutput=false,hubInstanceID=0,legacySignalAllow=false,readBufferDepth=64,readIRQThreshold=8,simInputCharacterStream=,simInteractiveOptions=NO_INTERACTIVE_WINDOWS,useRegistersForReadBuffer=false,useRegistersForWriteBuffer=false,useRelativePathForSimFile=false,writeBufferDepth=64,writeIRQThreshold=8"
   instancePathKey="uart_jtag:.:ju"
   kind="altera_avalon_jtag_uart"
   version="20.1"
   name="uart_jtag_ju">
  <parameter name="readBufferDepth" value="64" />
  <parameter name="clkFreq" value="0" />
  <parameter name="useRelativePathForSimFile" value="false" />
  <parameter name="hubInstanceID" value="0" />
  <parameter name="enableInteractiveInput" value="false" />
  <parameter name="avalonSpec" value="2.0" />
  <parameter name="simInputCharacterStream" value="" />
  <parameter name="readIRQThreshold" value="8" />
  <parameter name="useRegistersForWriteBuffer" value="false" />
  <parameter name="useRegistersForReadBuffer" value="false" />
  <parameter name="simInteractiveOptions" value="NO_INTERACTIVE_WINDOWS" />
  <parameter name="enableInteractiveOutput" value="false" />
  <parameter name="writeIRQThreshold" value="8" />
  <parameter name="writeBufferDepth" value="64" />
  <parameter name="allowMultipleConnections" value="false" />
  <parameter name="legacySignalAllow" value="false" />
  <generatedFiles>
   <file
       path="D:/EDL_merged_code_full_working_FSM/EDL_merged_code/uart_jtag/synthesis/submodules/uart_jtag_ju.v"
       type="VERILOG"
       attributes="" />
  </generatedFiles>
  <childGeneratedFiles/>
  <sourceFiles>
   <file
       path="C:/intelfpga_lite/20.1/ip/altera/sopc_builder_ip/altera_avalon_jtag_uart/altera_avalon_jtag_uart_hw.tcl" />
  </sourceFiles>
  <childSourceFiles/>
  <instantiator instantiator="uart_jtag" as="ju" />
  <messages>
   <message level="Debug" culprit="uart_jtag">queue size: 0 starting:altera_avalon_jtag_uart "submodules/uart_jtag_ju"</message>
   <message level="Info" culprit="ju">Starting RTL generation for module 'uart_jtag_ju'</message>
   <message level="Info" culprit="ju">  Generation command is [exec C:/intelfpga_lite/20.1/quartus/bin64/perl/bin/perl.exe -I C:/intelfpga_lite/20.1/quartus/bin64/perl/lib -I C:/intelfpga_lite/20.1/quartus/sopc_builder/bin/europa -I C:/intelfpga_lite/20.1/quartus/sopc_builder/bin -I C:/intelfpga_lite/20.1/quartus/../ip/altera/sopc_builder_ip/common -I C:/intelfpga_lite/20.1/quartus/../ip/altera/sopc_builder_ip/altera_avalon_jtag_uart -- C:/intelfpga_lite/20.1/quartus/../ip/altera/sopc_builder_ip/altera_avalon_jtag_uart/generate_rtl.pl --name=uart_jtag_ju --dir=C:/Users/VARADD~1/AppData/Local/Temp/alt9825_4488414332936844526.dir/0002_ju_gen/ --quartus_dir=C:/intelfpga_lite/20.1/quartus --verilog --config=C:/Users/VARADD~1/AppData/Local/Temp/alt9825_4488414332936844526.dir/0002_ju_gen//uart_jtag_ju_component_configuration.pl  --do_build_sim=0  ]</message>
   <message level="Info" culprit="ju">Done RTL generation for module 'uart_jtag_ju'</message>
   <message level="Info" culprit="ju"><![CDATA["<b>uart_jtag</b>" instantiated <b>altera_avalon_jtag_uart</b> "<b>ju</b>"]]></message>
  </messages>
 </entity>
</deploy>
